{
  "__comment": "Instructions: https://blakesmods.com/docs/cucumber/tags-config",
  "forge:ingots/aluminum": "beo:aluminum_ingot",
  "forge:gems/sapphire": "iceandfire:sapphire_gem",
  "forge:ingots/lead": "beo:lead_ingot",
  "forge:ingots/bronze": "silentgear:bronze_ingot",
  "forge:ingots/constantan": "thermal:constantan_ingot",
  "forge:ingots/steel": "common_ore_library:steel_ingot",
  "forge:gems/apatite": "moremekanismprocessing:gem_apatite",
  "forge:ingots/iridium": "common_ore_library:iridium_ingot",
  "forge:ingots/platinum": "common_ore_library:platinum_ingot",
  "forge:ingots/uranium": "beo:uranium_ingot",
  "forge:ingots/silver": "beo:silver_ingot",
  "forge:ingots/signalum": "thermal:signalum_ingot",
  "forge:ingots/chrome": "null",
  "forge:ingots/titanium": "moremekanismprocessing:titanium_ingot",
  "forge:gems/ruby": "moremekanismprocessing:gem_ruby",
  "forge:dusts/sulfur": "bloodmagic:sulfur",
  "forge:ingots/lumium": "thermal:lumium_ingot",
  "forge:silicon": "ae2:silicon",
  "forge:dusts/saltpeter": "bloodmagic:saltpeter",
  "forge:ingots/zinc": "beo:zinc_ingot",
  "forge:ingots/mithril": "simpleores:mythril_ingot",
  "forge:ingots/brass": "common_ore_library:brass_ingot",
  "forge:ingots/enderium": "thermal:enderium_ingot",
  "forge:ingots/tin": "beo:tin_ingot",
  "forge:ingots/electrum": "common_ore_library:electrum_ingot",
  "forge:dusts/niter": "moremekanismprocessing:dust_niter",
  "forge:rubber": "null",
  "forge:ingots/tungsten": "common_ore_library:tungsten_ingot",
  "forge:gems/peridot": "moremekanismprocessing:gem_peridot",
  "forge:ingots/nickel": "beo:nickel_ingot",
  "forge:ingots/graphite": "null",
  "forge:ingots/invar": "common_ore_library:invar_ingot"
}